classifier,vector
fake,"[ 0.74047315  0.78261441 -2.94974756 ... -0.12771982  0.32237777
  0.43208981]"
fake,"[ 0.36610547 -0.63005459 -0.81487918 ...  2.67097759 -0.64835668
 -0.8150565 ]"
